,X,Y,Z,n_points_10,corr_dim_10,n_points_15,corr_dim_15,n_points_1,corr_dim_1,n_points_5,corr_dim_5,n_points_20,corr_dim_20
0,0.0,-100.0,0.0,1,7.631024693995909e-06,1,7.631024693995909e-06,1,7.631024693995909e-06,1,7.631024693995909e-06,1,7.631024693995909e-06
1,33.33333206176758,-100.0,0.0,1,7.631024693995909e-06,1,7.631024693995909e-06,1,7.631024693995909e-06,1,7.631024693995909e-06,7,5.3417172857971366e-05
2,66.66666412353516,-100.0,0.0,1,7.631024693995909e-06,1,7.631024693995909e-06,1,7.631024693995909e-06,1,7.631024693995909e-06,3,2.289307408198773e-05
3,100.0,-100.0,0.0,1,7.631024693995909e-06,1,7.631024693995909e-06,1,7.631024693995909e-06,1,7.631024693995909e-06,3,2.289307408198773e-05
4,87.5,-75.0,0.0,1,7.631024693995909e-06,1,7.631024693995909e-06,1,7.631024693995909e-06,1,7.631024693995909e-06,3,2.289307408198773e-05
5,75.0,-50.0,0.0,1,7.631024693995909e-06,1,7.631024693995909e-06,1,7.631024693995909e-06,1,7.631024693995909e-06,3,2.289307408198773e-05
6,62.5,-25.0,0.0,1,7.631024693995909e-06,1,7.631024693995909e-06,1,7.631024693995909e-06,1,7.631024693995909e-06,3,2.289307408198773e-05
7,50.0,0.0,0.0,1,7.631024693995909e-06,1,7.631024693995909e-06,1,7.631024693995909e-06,1,7.631024693995909e-06,5,3.815512346997955e-05
8,37.5,25.0,0.0,1,7.631024693995909e-06,1,7.631024693995909e-06,1,7.631024693995909e-06,1,7.631024693995909e-06,7,5.3417172857971366e-05
9,25.0,50.0,0.0,1,7.631024693995909e-06,1,7.631024693995909e-06,1,7.631024693995909e-06,3,2.289307408198773e-05,9,6.86792222459632e-05
10,12.5,75.0,0.0,1,7.631024693995909e-06,1,7.631024693995909e-06,1,7.631024693995909e-06,5,3.815512346997955e-05,21,0.0001602515185739141
11,0.0,100.0,0.0,1,7.631024693995909e-06,1,7.631024693995909e-06,1,7.631024693995909e-06,1,7.631024693995909e-06,1,7.631024693995909e-06
12,32.82692337036133,-100.0,-5.78827238082886,1,7.631024693995909e-06,1,7.631024693995909e-06,1,7.631024693995909e-06,1,7.631024693995909e-06,7,5.3417172857971366e-05
13,65.65384674072266,-100.0,-11.57654476165771,1,7.631024693995909e-06,1,7.631024693995909e-06,1,7.631024693995909e-06,1,7.631024693995909e-06,3,2.289307408198773e-05
14,98.48077392578125,-100.0,-17.36481857299805,1,7.631024693995909e-06,1,7.631024693995909e-06,1,7.631024693995909e-06,1,7.631024693995909e-06,3,2.289307408198773e-05
15,86.1706771850586,-75.0,-15.19421577453613,1,7.631024693995909e-06,1,7.631024693995909e-06,1,7.631024693995909e-06,1,7.631024693995909e-06,3,2.289307408198773e-05
16,73.86058044433594,-50.0,-13.02361297607422,1,7.631024693995909e-06,1,7.631024693995909e-06,1,7.631024693995909e-06,1,7.631024693995909e-06,3,2.289307408198773e-05
17,61.55048370361328,-25.0,-10.85301113128662,1,7.631024693995909e-06,1,7.631024693995909e-06,1,7.631024693995909e-06,1,7.631024693995909e-06,3,2.289307408198773e-05
18,49.24038696289062,0.0,-8.68240928649902,1,7.631024693995909e-06,1,7.631024693995909e-06,1,7.631024693995909e-06,1,7.631024693995909e-06,5,3.815512346997955e-05
19,36.93029022216797,25.0,-6.51180648803711,1,7.631024693995909e-06,1,7.631024693995909e-06,1,7.631024693995909e-06,1,7.631024693995909e-06,7,5.3417172857971366e-05
20,24.62019348144531,50.0,-4.34120464324951,1,7.631024693995909e-06,1,7.631024693995909e-06,1,7.631024693995909e-06,3,2.289307408198773e-05,9,6.86792222459632e-05
21,12.31009674072266,75.0,-2.17060232162476,1,7.631024693995909e-06,1,7.631024693995909e-06,1,7.631024693995909e-06,5,3.815512346997955e-05,21,0.0001602515185739141
22,31.32308769226074,-100.0,-11.40067100524902,1,7.631024693995909e-06,1,7.631024693995909e-06,1,7.631024693995909e-06,1,7.631024693995909e-06,7,5.3417172857971366e-05
23,62.64617538452148,-100.0,-22.80134201049805,1,7.631024693995909e-06,1,7.631024693995909e-06,1,7.631024693995909e-06,1,7.631024693995909e-06,3,2.289307408198773e-05
24,93.9692611694336,-100.0,-34.2020149230957,1,7.631024693995909e-06,1,7.631024693995909e-06,1,7.631024693995909e-06,1,7.631024693995909e-06,3,2.289307408198773e-05
25,82.22310638427734,-75.0,-29.92676162719727,1,7.631024693995909e-06,1,7.631024693995909e-06,1,7.631024693995909e-06,1,7.631024693995909e-06,3,2.289307408198773e-05
26,70.47694396972656,-50.0,-25.65151023864746,1,7.631024693995909e-06,1,7.631024693995909e-06,1,7.631024693995909e-06,1,7.631024693995909e-06,3,2.289307408198773e-05
27,58.73078918457031,-25.0,-21.37625885009766,1,7.631024693995909e-06,1,7.631024693995909e-06,1,7.631024693995909e-06,1,7.631024693995909e-06,3,2.289307408198773e-05
28,46.9846305847168,0.0,-17.10100746154785,1,7.631024693995909e-06,1,7.631024693995909e-06,1,7.631024693995909e-06,1,7.631024693995909e-06,5,3.815512346997955e-05
29,35.23847198486328,25.0,-12.82575511932373,1,7.631024693995909e-06,1,7.631024693995909e-06,1,7.631024693995909e-06,1,7.631024693995909e-06,7,5.3417172857971366e-05
30,23.4923152923584,50.0,-8.55050373077393,1,7.631024693995909e-06,1,7.631024693995909e-06,1,7.631024693995909e-06,3,2.289307408198773e-05,9,6.86792222459632e-05
31,11.7461576461792,75.0,-4.27525186538696,1,7.631024693995909e-06,1,7.631024693995909e-06,1,7.631024693995909e-06,5,3.815512346997955e-05,21,0.0001602515185739141
32,28.86751365661621,-100.0,-16.66666603088379,1,7.631024693995909e-06,1,7.631024693995909e-06,1,7.631024693995909e-06,1,7.631024693995909e-06,7,5.3417172857971366e-05
33,57.73502731323242,-100.0,-33.33333206176758,1,7.631024693995909e-06,1,7.631024693995909e-06,1,7.631024693995909e-06,1,7.631024693995909e-06,3,2.289307408198773e-05
34,86.6025390625,-100.0,-50.0,1,7.631024693995909e-06,1,7.631024693995909e-06,1,7.631024693995909e-06,1,7.631024693995909e-06,3,2.289307408198773e-05
35,75.7772216796875,-75.0,-43.75,1,7.631024693995909e-06,1,7.631024693995909e-06,1,7.631024693995909e-06,1,7.631024693995909e-06,3,2.289307408198773e-05
36,64.951904296875,-50.0,-37.5,1,7.631024693995909e-06,1,7.631024693995909e-06,1,7.631024693995909e-06,1,7.631024693995909e-06,3,2.289307408198773e-05
37,54.1265869140625,-25.0,-31.25,1,7.631024693995909e-06,1,7.631024693995909e-06,1,7.631024693995909e-06,1,7.631024693995909e-06,3,2.289307408198773e-05
38,43.30126953125,0.0,-25.0,1,7.631024693995909e-06,1,7.631024693995909e-06,1,7.631024693995909e-06,1,7.631024693995909e-06,5,3.815512346997955e-05
39,32.4759521484375,25.0,-18.75,1,7.631024693995909e-06,1,7.631024693995909e-06,1,7.631024693995909e-06,1,7.631024693995909e-06,7,5.3417172857971366e-05
40,21.650634765625,50.0,-12.5,1,7.631024693995909e-06,1,7.631024693995909e-06,1,7.631024693995909e-06,3,2.289307408198773e-05,9,6.86792222459632e-05
41,10.8253173828125,75.0,-6.25,1,7.631024693995909e-06,1,7.631024693995909e-06,1,7.631024693995909e-06,5,3.815512346997955e-05,21,0.0001602515185739141
42,25.53481483459473,-100.0,-21.42625427246094,1,7.631024693995909e-06,1,7.631024693995909e-06,1,7.631024693995909e-06,1,7.631024693995909e-06,7,5.3417172857971366e-05
43,51.06962966918945,-100.0,-42.85250854492188,1,7.631024693995909e-06,1,7.631024693995909e-06,1,7.631024693995909e-06,1,7.631024693995909e-06,3,2.289307408198773e-05
44,76.60444641113281,-100.0,-64.27876281738281,1,7.631024693995909e-06,1,7.631024693995909e-06,1,7.631024693995909e-06,1,7.631024693995909e-06,3,2.289307408198773e-05
45,67.02889251708984,-75.0,-56.24391555786133,1,7.631024693995909e-06,1,7.631024693995909e-06,1,7.631024693995909e-06,1,7.631024693995909e-06,3,2.289307408198773e-05
46,57.45333480834961,-50.0,-48.20907211303711,1,7.631024693995909e-06,1,7.631024693995909e-06,1,7.631024693995909e-06,1,7.631024693995909e-06,3,2.289307408198773e-05
47,47.87777709960938,-25.0,-40.17422485351562,1,7.631024693995909e-06,1,7.631024693995909e-06,1,7.631024693995909e-06,1,7.631024693995909e-06,3,2.289307408198773e-05
48,38.30222320556641,0.0,-32.13938140869141,1,7.631024693995909e-06,1,7.631024693995909e-06,1,7.631024693995909e-06,1,7.631024693995909e-06,5,3.815512346997955e-05
49,28.7266674041748,25.0,-24.10453605651855,1,7.631024693995909e-06,1,7.631024693995909e-06,1,7.631024693995909e-06,1,7.631024693995909e-06,7,5.3417172857971366e-05
50,19.1511116027832,50.0,-16.0696907043457,1,7.631024693995909e-06,1,7.631024693995909e-06,1,7.631024693995909e-06,3,2.289307408198773e-05,9,6.86792222459632e-05
51,9.5755558013916,75.0,-8.03484535217285,1,7.631024693995909e-06,1,7.631024693995909e-06,1,7.631024693995909e-06,5,3.815512346997955e-05,21,0.0001602515185739141
52,21.42625427246094,-100.0,-25.53481483459473,1,7.631024693995909e-06,1,7.631024693995909e-06,1,7.631024693995909e-06,1,7.631024693995909e-06,7,5.3417172857971366e-05
53,42.85250854492188,-100.0,-51.06962966918945,1,7.631024693995909e-06,1,7.631024693995909e-06,1,7.631024693995909e-06,1,7.631024693995909e-06,3,2.289307408198773e-05
54,64.27876281738281,-100.0,-76.60444641113281,1,7.631024693995909e-06,1,7.631024693995909e-06,1,7.631024693995909e-06,1,7.631024693995909e-06,3,2.289307408198773e-05
55,56.24391555786133,-75.0,-67.02889251708984,1,7.631024693995909e-06,1,7.631024693995909e-06,1,7.631024693995909e-06,1,7.631024693995909e-06,3,2.289307408198773e-05
56,48.20907211303711,-50.0,-57.45333480834961,1,7.631024693995909e-06,1,7.631024693995909e-06,1,7.631024693995909e-06,1,7.631024693995909e-06,3,2.289307408198773e-05
57,40.17422485351562,-25.0,-47.87777709960938,1,7.631024693995909e-06,1,7.631024693995909e-06,1,7.631024693995909e-06,1,7.631024693995909e-06,3,2.289307408198773e-05
58,32.13938140869141,0.0,-38.30222320556641,1,7.631024693995909e-06,1,7.631024693995909e-06,1,7.631024693995909e-06,1,7.631024693995909e-06,5,3.815512346997955e-05
59,24.10453605651855,25.0,-28.7266674041748,1,7.631024693995909e-06,1,7.631024693995909e-06,1,7.631024693995909e-06,1,7.631024693995909e-06,7,5.3417172857971366e-05
60,16.0696907043457,50.0,-19.1511116027832,1,7.631024693995909e-06,1,7.631024693995909e-06,1,7.631024693995909e-06,3,2.289307408198773e-05,9,6.86792222459632e-05
61,8.03484535217285,75.0,-9.5755558013916,1,7.631024693995909e-06,1,7.631024693995909e-06,1,7.631024693995909e-06,5,3.815512346997955e-05,21,0.0001602515185739141
62,16.66666603088379,-100.0,-28.86751365661621,1,7.631024693995909e-06,1,7.631024693995909e-06,1,7.631024693995909e-06,1,7.631024693995909e-06,7,5.3417172857971366e-05
63,33.33333206176758,-100.0,-57.73502731323242,1,7.631024693995909e-06,1,7.631024693995909e-06,1,7.631024693995909e-06,1,7.631024693995909e-06,3,2.289307408198773e-05
64,50.0,-100.0,-86.6025390625,1,7.631024693995909e-06,1,7.631024693995909e-06,1,7.631024693995909e-06,1,7.631024693995909e-06,3,2.289307408198773e-05
65,43.75,-75.0,-75.7772216796875,1,7.631024693995909e-06,1,7.631024693995909e-06,1,7.631024693995909e-06,1,7.631024693995909e-06,3,2.289307408198773e-05
66,37.5,-50.0,-64.951904296875,1,7.631024693995909e-06,1,7.631024693995909e-06,1,7.631024693995909e-06,1,7.631024693995909e-06,3,2.289307408198773e-05
67,31.25,-25.0,-54.1265869140625,1,7.631024693995909e-06,1,7.631024693995909e-06,1,7.631024693995909e-06,1,7.631024693995909e-06,3,2.289307408198773e-05
68,25.0,0.0,-43.30126953125,1,7.631024693995909e-06,1,7.631024693995909e-06,1,7.631024693995909e-06,1,7.631024693995909e-06,5,3.815512346997955e-05
69,18.75,25.0,-32.4759521484375,1,7.631024693995909e-06,1,7.631024693995909e-06,1,7.631024693995909e-06,1,7.631024693995909e-06,7,5.3417172857971366e-05
70,12.5,50.0,-21.650634765625,1,7.631024693995909e-06,1,7.631024693995909e-06,1,7.631024693995909e-06,3,2.289307408198773e-05,9,6.86792222459632e-05
71,6.25,75.0,-10.8253173828125,1,7.631024693995909e-06,1,7.631024693995909e-06,1,7.631024693995909e-06,5,3.815512346997955e-05,21,0.0001602515185739141
72,11.40067100524902,-100.0,-31.32308769226074,1,7.631024693995909e-06,1,7.631024693995909e-06,1,7.631024693995909e-06,1,7.631024693995909e-06,7,5.3417172857971366e-05
73,22.80134201049805,-100.0,-62.64617538452148,1,7.631024693995909e-06,1,7.631024693995909e-06,1,7.631024693995909e-06,1,7.631024693995909e-06,3,2.289307408198773e-05
74,34.2020149230957,-100.0,-93.9692611694336,1,7.631024693995909e-06,1,7.631024693995909e-06,1,7.631024693995909e-06,1,7.631024693995909e-06,3,2.289307408198773e-05
75,29.92676162719727,-75.0,-82.22310638427734,1,7.631024693995909e-06,1,7.631024693995909e-06,1,7.631024693995909e-06,1,7.631024693995909e-06,3,2.289307408198773e-05
76,25.65151023864746,-50.0,-70.47694396972656,1,7.631024693995909e-06,1,7.631024693995909e-06,1,7.631024693995909e-06,1,7.631024693995909e-06,3,2.289307408198773e-05
77,21.37625885009766,-25.0,-58.73078918457031,1,7.631024693995909e-06,1,7.631024693995909e-06,1,7.631024693995909e-06,1,7.631024693995909e-06,3,2.289307408198773e-05
78,17.10100746154785,0.0,-46.9846305847168,1,7.631024693995909e-06,1,7.631024693995909e-06,1,7.631024693995909e-06,1,7.631024693995909e-06,5,3.815512346997955e-05
79,12.82575511932373,25.0,-35.23847198486328,1,7.631024693995909e-06,1,7.631024693995909e-06,1,7.631024693995909e-06,1,7.631024693995909e-06,7,5.3417172857971366e-05
80,8.55050373077393,50.0,-23.4923152923584,1,7.631024693995909e-06,1,7.631024693995909e-06,1,7.631024693995909e-06,3,2.289307408198773e-05,9,6.86792222459632e-05
81,4.27525186538696,75.0,-11.7461576461792,1,7.631024693995909e-06,1,7.631024693995909e-06,1,7.631024693995909e-06,5,3.815512346997955e-05,21,0.0001602515185739141
82,5.78827238082886,-100.0,-32.82692337036133,1,7.631024693995909e-06,1,7.631024693995909e-06,1,7.631024693995909e-06,1,7.631024693995909e-06,7,5.3417172857971366e-05
83,11.57654476165771,-100.0,-65.65384674072266,1,7.631024693995909e-06,1,7.631024693995909e-06,1,7.631024693995909e-06,1,7.631024693995909e-06,3,2.289307408198773e-05
84,17.36481857299805,-100.0,-98.48077392578125,1,7.631024693995909e-06,1,7.631024693995909e-06,1,7.631024693995909e-06,1,7.631024693995909e-06,3,2.289307408198773e-05
85,15.19421577453613,-75.0,-86.1706771850586,1,7.631024693995909e-06,1,7.631024693995909e-06,1,7.631024693995909e-06,1,7.631024693995909e-06,3,2.289307408198773e-05
86,13.02361297607422,-50.0,-73.86058044433594,1,7.631024693995909e-06,1,7.631024693995909e-06,1,7.631024693995909e-06,1,7.631024693995909e-06,3,2.289307408198773e-05
87,10.85301113128662,-25.0,-61.55048370361328,1,7.631024693995909e-06,1,7.631024693995909e-06,1,7.631024693995909e-06,1,7.631024693995909e-06,3,2.289307408198773e-05
88,8.68240928649902,0.0,-49.24038696289062,1,7.631024693995909e-06,1,7.631024693995909e-06,1,7.631024693995909e-06,1,7.631024693995909e-06,5,3.815512346997955e-05
89,6.51180648803711,25.0,-36.93029022216797,1,7.631024693995909e-06,1,7.631024693995909e-06,1,7.631024693995909e-06,1,7.631024693995909e-06,7,5.3417172857971366e-05
90,4.34120464324951,50.0,-24.62019348144531,1,7.631024693995909e-06,1,7.631024693995909e-06,1,7.631024693995909e-06,3,2.289307408198773e-05,9,6.86792222459632e-05
91,2.17060232162476,75.0,-12.31009674072266,1,7.631024693995909e-06,1,7.631024693995909e-06,1,7.631024693995909e-06,5,3.815512346997955e-05,21,0.0001602515185739141
92,0.0,-100.0,-33.33333206176758,1,7.631024693995909e-06,1,7.631024693995909e-06,1,7.631024693995909e-06,1,7.631024693995909e-06,7,5.3417172857971366e-05
93,0.0,-100.0,-66.66666412353516,1,7.631024693995909e-06,1,7.631024693995909e-06,1,7.631024693995909e-06,1,7.631024693995909e-06,3,2.289307408198773e-05
94,1e-14,-100.0,-100.0,1,7.631024693995909e-06,1,7.631024693995909e-06,1,7.631024693995909e-06,1,7.631024693995909e-06,3,2.289307408198773e-05
95,1e-14,-75.0,-87.5,1,7.631024693995909e-06,1,7.631024693995909e-06,1,7.631024693995909e-06,1,7.631024693995909e-06,3,2.289307408198773e-05
96,0.0,-50.0,-75.0,1,7.631024693995909e-06,1,7.631024693995909e-06,1,7.631024693995909e-06,1,7.631024693995909e-06,3,2.289307408198773e-05
97,0.0,-25.0,-62.5,1,7.631024693995909e-06,1,7.631024693995909e-06,1,7.631024693995909e-06,1,7.631024693995909e-06,3,2.289307408198773e-05
98,0.0,0.0,-50.0,1,7.631024693995909e-06,1,7.631024693995909e-06,1,7.631024693995909e-06,1,7.631024693995909e-06,5,3.815512346997955e-05
99,0.0,25.0,-37.5,1,7.631024693995909e-06,1,7.631024693995909e-06,1,7.631024693995909e-06,1,7.631024693995909e-06,7,5.3417172857971366e-05
100,0.0,50.0,-25.0,1,7.631024693995909e-06,1,7.631024693995909e-06,1,7.631024693995909e-06,3,2.289307408198773e-05,9,6.86792222459632e-05
101,0.0,75.0,-12.5,1,7.631024693995909e-06,1,7.631024693995909e-06,1,7.631024693995909e-06,5,3.815512346997955e-05,21,0.0001602515185739141
102,-5.78827238082886,-100.0,-32.82692337036133,1,7.631024693995909e-06,1,7.631024693995909e-06,1,7.631024693995909e-06,1,7.631024693995909e-06,7,5.3417172857971366e-05
103,-11.57654476165771,-100.0,-65.65384674072266,1,7.631024693995909e-06,1,7.631024693995909e-06,1,7.631024693995909e-06,1,7.631024693995909e-06,3,2.289307408198773e-05
104,-17.36481857299805,-100.0,-98.48077392578125,1,7.631024693995909e-06,1,7.631024693995909e-06,1,7.631024693995909e-06,1,7.631024693995909e-06,3,2.289307408198773e-05
105,-15.19421577453613,-75.0,-86.1706771850586,1,7.631024693995909e-06,1,7.631024693995909e-06,1,7.631024693995909e-06,1,7.631024693995909e-06,3,2.289307408198773e-05
106,-13.02361297607422,-50.0,-73.86058044433594,1,7.631024693995909e-06,1,7.631024693995909e-06,1,7.631024693995909e-06,1,7.631024693995909e-06,3,2.289307408198773e-05
107,-10.85301113128662,-25.0,-61.55048370361328,1,7.631024693995909e-06,1,7.631024693995909e-06,1,7.631024693995909e-06,1,7.631024693995909e-06,3,2.289307408198773e-05
108,-8.68240928649902,0.0,-49.24038696289062,1,7.631024693995909e-06,1,7.631024693995909e-06,1,7.631024693995909e-06,1,7.631024693995909e-06,5,3.815512346997955e-05
109,-6.51180648803711,25.0,-36.93029022216797,1,7.631024693995909e-06,1,7.631024693995909e-06,1,7.631024693995909e-06,1,7.631024693995909e-06,7,5.3417172857971366e-05
110,-4.34120464324951,50.0,-24.62019348144531,1,7.631024693995909e-06,1,7.631024693995909e-06,1,7.631024693995909e-06,3,2.289307408198773e-05,9,6.86792222459632e-05
111,-2.17060232162476,75.0,-12.31009674072266,1,7.631024693995909e-06,1,7.631024693995909e-06,1,7.631024693995909e-06,5,3.815512346997955e-05,21,0.0001602515185739141
112,-11.40067100524902,-100.0,-31.32308769226074,1,7.631024693995909e-06,1,7.631024693995909e-06,1,7.631024693995909e-06,1,7.631024693995909e-06,7,5.3417172857971366e-05
113,-22.80134201049805,-100.0,-62.64617538452148,1,7.631024693995909e-06,1,7.631024693995909e-06,1,7.631024693995909e-06,1,7.631024693995909e-06,3,2.289307408198773e-05
114,-34.2020149230957,-100.0,-93.9692611694336,1,7.631024693995909e-06,1,7.631024693995909e-06,1,7.631024693995909e-06,1,7.631024693995909e-06,3,2.289307408198773e-05
115,-29.92676162719727,-75.0,-82.22310638427734,1,7.631024693995909e-06,1,7.631024693995909e-06,1,7.631024693995909e-06,1,7.631024693995909e-06,3,2.289307408198773e-05
116,-25.65151023864746,-50.0,-70.47694396972656,1,7.631024693995909e-06,1,7.631024693995909e-06,1,7.631024693995909e-06,1,7.631024693995909e-06,3,2.289307408198773e-05
117,-21.37625885009766,-25.0,-58.73078918457031,1,7.631024693995909e-06,1,7.631024693995909e-06,1,7.631024693995909e-06,1,7.631024693995909e-06,3,2.289307408198773e-05
118,-17.10100746154785,0.0,-46.9846305847168,1,7.631024693995909e-06,1,7.631024693995909e-06,1,7.631024693995909e-06,1,7.631024693995909e-06,5,3.815512346997955e-05
119,-12.82575511932373,25.0,-35.23847198486328,1,7.631024693995909e-06,1,7.631024693995909e-06,1,7.631024693995909e-06,1,7.631024693995909e-06,7,5.3417172857971366e-05
120,-8.55050373077393,50.0,-23.4923152923584,1,7.631024693995909e-06,1,7.631024693995909e-06,1,7.631024693995909e-06,3,2.289307408198773e-05,9,6.86792222459632e-05
121,-4.27525186538696,75.0,-11.7461576461792,1,7.631024693995909e-06,1,7.631024693995909e-06,1,7.631024693995909e-06,5,3.815512346997955e-05,21,0.0001602515185739141
122,-16.66666603088379,-100.0,-28.86751365661621,1,7.631024693995909e-06,1,7.631024693995909e-06,1,7.631024693995909e-06,1,7.631024693995909e-06,7,5.3417172857971366e-05
123,-33.33333206176758,-100.0,-57.73502731323242,1,7.631024693995909e-06,1,7.631024693995909e-06,1,7.631024693995909e-06,1,7.631024693995909e-06,3,2.289307408198773e-05
124,-50.0,-100.0,-86.6025390625,1,7.631024693995909e-06,1,7.631024693995909e-06,1,7.631024693995909e-06,1,7.631024693995909e-06,3,2.289307408198773e-05
125,-43.75,-75.0,-75.7772216796875,1,7.631024693995909e-06,1,7.631024693995909e-06,1,7.631024693995909e-06,1,7.631024693995909e-06,3,2.289307408198773e-05
126,-37.5,-50.0,-64.951904296875,1,7.631024693995909e-06,1,7.631024693995909e-06,1,7.631024693995909e-06,1,7.631024693995909e-06,3,2.289307408198773e-05
127,-31.25,-25.0,-54.1265869140625,1,7.631024693995909e-06,1,7.631024693995909e-06,1,7.631024693995909e-06,1,7.631024693995909e-06,3,2.289307408198773e-05
128,-25.0,0.0,-43.30126953125,1,7.631024693995909e-06,1,7.631024693995909e-06,1,7.631024693995909e-06,1,7.631024693995909e-06,5,3.815512346997955e-05
129,-18.75,25.0,-32.4759521484375,1,7.631024693995909e-06,1,7.631024693995909e-06,1,7.631024693995909e-06,1,7.631024693995909e-06,7,5.3417172857971366e-05
130,-12.5,50.0,-21.650634765625,1,7.631024693995909e-06,1,7.631024693995909e-06,1,7.631024693995909e-06,3,2.289307408198773e-05,9,6.86792222459632e-05
131,-6.25,75.0,-10.8253173828125,1,7.631024693995909e-06,1,7.631024693995909e-06,1,7.631024693995909e-06,5,3.815512346997955e-05,21,0.0001602515185739141
132,-21.42625427246094,-100.0,-25.53481483459473,1,7.631024693995909e-06,1,7.631024693995909e-06,1,7.631024693995909e-06,1,7.631024693995909e-06,7,5.3417172857971366e-05
133,-42.85250854492188,-100.0,-51.06962966918945,1,7.631024693995909e-06,1,7.631024693995909e-06,1,7.631024693995909e-06,1,7.631024693995909e-06,3,2.289307408198773e-05
134,-64.27876281738281,-100.0,-76.60444641113281,1,7.631024693995909e-06,1,7.631024693995909e-06,1,7.631024693995909e-06,1,7.631024693995909e-06,3,2.289307408198773e-05
135,-56.24391555786133,-75.0,-67.02889251708984,1,7.631024693995909e-06,1,7.631024693995909e-06,1,7.631024693995909e-06,1,7.631024693995909e-06,3,2.289307408198773e-05
136,-48.20907211303711,-50.0,-57.45333480834961,1,7.631024693995909e-06,1,7.631024693995909e-06,1,7.631024693995909e-06,1,7.631024693995909e-06,3,2.289307408198773e-05
137,-40.17422485351562,-25.0,-47.87777709960938,1,7.631024693995909e-06,1,7.631024693995909e-06,1,7.631024693995909e-06,1,7.631024693995909e-06,3,2.289307408198773e-05
138,-32.13938140869141,0.0,-38.30222320556641,1,7.631024693995909e-06,1,7.631024693995909e-06,1,7.631024693995909e-06,1,7.631024693995909e-06,5,3.815512346997955e-05
139,-24.10453605651855,25.0,-28.7266674041748,1,7.631024693995909e-06,1,7.631024693995909e-06,1,7.631024693995909e-06,1,7.631024693995909e-06,7,5.3417172857971366e-05
140,-16.0696907043457,50.0,-19.1511116027832,1,7.631024693995909e-06,1,7.631024693995909e-06,1,7.631024693995909e-06,3,2.289307408198773e-05,9,6.86792222459632e-05
141,-8.03484535217285,75.0,-9.5755558013916,1,7.631024693995909e-06,1,7.631024693995909e-06,1,7.631024693995909e-06,5,3.815512346997955e-05,21,0.0001602515185739141
142,-25.53481483459473,-100.0,-21.42625427246094,1,7.631024693995909e-06,1,7.631024693995909e-06,1,7.631024693995909e-06,1,7.631024693995909e-06,7,5.3417172857971366e-05
143,-51.06962966918945,-100.0,-42.85250854492188,1,7.631024693995909e-06,1,7.631024693995909e-06,1,7.631024693995909e-06,1,7.631024693995909e-06,3,2.289307408198773e-05
144,-76.60444641113281,-100.0,-64.27876281738281,1,7.631024693995909e-06,1,7.631024693995909e-06,1,7.631024693995909e-06,1,7.631024693995909e-06,3,2.289307408198773e-05
145,-67.02889251708984,-75.0,-56.24391555786133,1,7.631024693995909e-06,1,7.631024693995909e-06,1,7.631024693995909e-06,1,7.631024693995909e-06,3,2.289307408198773e-05
146,-57.45333480834961,-50.0,-48.20907211303711,1,7.631024693995909e-06,1,7.631024693995909e-06,1,7.631024693995909e-06,1,7.631024693995909e-06,3,2.289307408198773e-05
147,-47.87777709960938,-25.0,-40.17422485351562,1,7.631024693995909e-06,1,7.631024693995909e-06,1,7.631024693995909e-06,1,7.631024693995909e-06,3,2.289307408198773e-05
148,-38.30222320556641,0.0,-32.13938140869141,1,7.631024693995909e-06,1,7.631024693995909e-06,1,7.631024693995909e-06,1,7.631024693995909e-06,5,3.815512346997955e-05
149,-28.7266674041748,25.0,-24.10453605651855,1,7.631024693995909e-06,1,7.631024693995909e-06,1,7.631024693995909e-06,1,7.631024693995909e-06,7,5.3417172857971366e-05
150,-19.1511116027832,50.0,-16.0696907043457,1,7.631024693995909e-06,1,7.631024693995909e-06,1,7.631024693995909e-06,3,2.289307408198773e-05,9,6.86792222459632e-05
151,-9.5755558013916,75.0,-8.03484535217285,1,7.631024693995909e-06,1,7.631024693995909e-06,1,7.631024693995909e-06,5,3.815512346997955e-05,21,0.0001602515185739141
152,-28.86751365661621,-100.0,-16.66666603088379,1,7.631024693995909e-06,1,7.631024693995909e-06,1,7.631024693995909e-06,1,7.631024693995909e-06,7,5.3417172857971366e-05
153,-57.73502731323242,-100.0,-33.33333206176758,1,7.631024693995909e-06,1,7.631024693995909e-06,1,7.631024693995909e-06,1,7.631024693995909e-06,3,2.289307408198773e-05
154,-86.6025390625,-100.0,-50.0,1,7.631024693995909e-06,1,7.631024693995909e-06,1,7.631024693995909e-06,1,7.631024693995909e-06,3,2.289307408198773e-05
155,-75.7772216796875,-75.0,-43.75,1,7.631024693995909e-06,1,7.631024693995909e-06,1,7.631024693995909e-06,1,7.631024693995909e-06,3,2.289307408198773e-05
156,-64.951904296875,-50.0,-37.5,1,7.631024693995909e-06,1,7.631024693995909e-06,1,7.631024693995909e-06,1,7.631024693995909e-06,3,2.289307408198773e-05
157,-54.1265869140625,-25.0,-31.25,1,7.631024693995909e-06,1,7.631024693995909e-06,1,7.631024693995909e-06,1,7.631024693995909e-06,3,2.289307408198773e-05
158,-43.30126953125,0.0,-25.0,1,7.631024693995909e-06,1,7.631024693995909e-06,1,7.631024693995909e-06,1,7.631024693995909e-06,5,3.815512346997955e-05
159,-32.4759521484375,25.0,-18.75,1,7.631024693995909e-06,1,7.631024693995909e-06,1,7.631024693995909e-06,1,7.631024693995909e-06,7,5.3417172857971366e-05
160,-21.650634765625,50.0,-12.5,1,7.631024693995909e-06,1,7.631024693995909e-06,1,7.631024693995909e-06,3,2.289307408198773e-05,9,6.86792222459632e-05
161,-10.8253173828125,75.0,-6.25,1,7.631024693995909e-06,1,7.631024693995909e-06,1,7.631024693995909e-06,5,3.815512346997955e-05,21,0.0001602515185739141
162,-31.32308769226074,-100.0,-11.40067100524902,1,7.631024693995909e-06,1,7.631024693995909e-06,1,7.631024693995909e-06,1,7.631024693995909e-06,7,5.3417172857971366e-05
163,-62.64617538452148,-100.0,-22.80134201049805,1,7.631024693995909e-06,1,7.631024693995909e-06,1,7.631024693995909e-06,1,7.631024693995909e-06,3,2.289307408198773e-05
164,-93.9692611694336,-100.0,-34.2020149230957,1,7.631024693995909e-06,1,7.631024693995909e-06,1,7.631024693995909e-06,1,7.631024693995909e-06,3,2.289307408198773e-05
165,-82.22310638427734,-75.0,-29.92676162719727,1,7.631024693995909e-06,1,7.631024693995909e-06,1,7.631024693995909e-06,1,7.631024693995909e-06,3,2.289307408198773e-05
166,-70.47694396972656,-50.0,-25.65151023864746,1,7.631024693995909e-06,1,7.631024693995909e-06,1,7.631024693995909e-06,1,7.631024693995909e-06,3,2.289307408198773e-05
167,-58.73078918457031,-25.0,-21.37625885009766,1,7.631024693995909e-06,1,7.631024693995909e-06,1,7.631024693995909e-06,1,7.631024693995909e-06,3,2.289307408198773e-05
168,-46.9846305847168,0.0,-17.10100746154785,1,7.631024693995909e-06,1,7.631024693995909e-06,1,7.631024693995909e-06,1,7.631024693995909e-06,5,3.815512346997955e-05
169,-35.23847198486328,25.0,-12.82575511932373,1,7.631024693995909e-06,1,7.631024693995909e-06,1,7.631024693995909e-06,1,7.631024693995909e-06,7,5.3417172857971366e-05
170,-23.4923152923584,50.0,-8.55050373077393,1,7.631024693995909e-06,1,7.631024693995909e-06,1,7.631024693995909e-06,3,2.289307408198773e-05,9,6.86792222459632e-05
171,-11.7461576461792,75.0,-4.27525186538696,1,7.631024693995909e-06,1,7.631024693995909e-06,1,7.631024693995909e-06,5,3.815512346997955e-05,21,0.0001602515185739141
172,-32.82692337036133,-100.0,-5.78827238082886,1,7.631024693995909e-06,1,7.631024693995909e-06,1,7.631024693995909e-06,1,7.631024693995909e-06,7,5.3417172857971366e-05
173,-65.65384674072266,-100.0,-11.57654476165771,1,7.631024693995909e-06,1,7.631024693995909e-06,1,7.631024693995909e-06,1,7.631024693995909e-06,3,2.289307408198773e-05
174,-98.48077392578125,-100.0,-17.36481857299805,1,7.631024693995909e-06,1,7.631024693995909e-06,1,7.631024693995909e-06,1,7.631024693995909e-06,3,2.289307408198773e-05
175,-86.1706771850586,-75.0,-15.19421577453613,1,7.631024693995909e-06,1,7.631024693995909e-06,1,7.631024693995909e-06,1,7.631024693995909e-06,3,2.289307408198773e-05
176,-73.86058044433594,-50.0,-13.02361297607422,1,7.631024693995909e-06,1,7.631024693995909e-06,1,7.631024693995909e-06,1,7.631024693995909e-06,3,2.289307408198773e-05
177,-61.55048370361328,-25.0,-10.85301113128662,1,7.631024693995909e-06,1,7.631024693995909e-06,1,7.631024693995909e-06,1,7.631024693995909e-06,3,2.289307408198773e-05
178,-49.24038696289062,0.0,-8.68240928649902,1,7.631024693995909e-06,1,7.631024693995909e-06,1,7.631024693995909e-06,1,7.631024693995909e-06,5,3.815512346997955e-05
179,-36.93029022216797,25.0,-6.51180648803711,1,7.631024693995909e-06,1,7.631024693995909e-06,1,7.631024693995909e-06,1,7.631024693995909e-06,7,5.3417172857971366e-05
180,-24.62019348144531,50.0,-4.34120464324951,1,7.631024693995909e-06,1,7.631024693995909e-06,1,7.631024693995909e-06,3,2.289307408198773e-05,9,6.86792222459632e-05
181,-12.31009674072266,75.0,-2.17060232162476,1,7.631024693995909e-06,1,7.631024693995909e-06,1,7.631024693995909e-06,5,3.815512346997955e-05,21,0.0001602515185739141
182,-33.33333206176758,-100.0,-0.0,1,7.631024693995909e-06,1,7.631024693995909e-06,1,7.631024693995909e-06,1,7.631024693995909e-06,7,5.3417172857971366e-05
183,-66.66666412353516,-100.0,-1e-14,1,7.631024693995909e-06,1,7.631024693995909e-06,1,7.631024693995909e-06,1,7.631024693995909e-06,3,2.289307408198773e-05
184,-100.0,-100.0,-1e-14,1,7.631024693995909e-06,1,7.631024693995909e-06,1,7.631024693995909e-06,1,7.631024693995909e-06,3,2.289307408198773e-05
185,-87.5,-75.0,-1e-14,1,7.631024693995909e-06,1,7.631024693995909e-06,1,7.631024693995909e-06,1,7.631024693995909e-06,3,2.289307408198773e-05
186,-75.0,-50.0,-1e-14,1,7.631024693995909e-06,1,7.631024693995909e-06,1,7.631024693995909e-06,1,7.631024693995909e-06,3,2.289307408198773e-05
187,-62.5,-25.0,-1e-14,1,7.631024693995909e-06,1,7.631024693995909e-06,1,7.631024693995909e-06,1,7.631024693995909e-06,3,2.289307408198773e-05
188,-50.0,0.0,-1e-14,1,7.631024693995909e-06,1,7.631024693995909e-06,1,7.631024693995909e-06,1,7.631024693995909e-06,5,3.815512346997955e-05
189,-37.5,25.0,-0.0,1,7.631024693995909e-06,1,7.631024693995909e-06,1,7.631024693995909e-06,1,7.631024693995909e-06,7,5.3417172857971366e-05
190,-25.0,50.0,-0.0,1,7.631024693995909e-06,1,7.631024693995909e-06,1,7.631024693995909e-06,3,2.289307408198773e-05,9,6.86792222459632e-05
191,-12.5,75.0,-0.0,1,7.631024693995909e-06,1,7.631024693995909e-06,1,7.631024693995909e-06,5,3.815512346997955e-05,21,0.0001602515185739141
192,-32.82692337036133,-100.0,5.78827238082886,1,7.631024693995909e-06,1,7.631024693995909e-06,1,7.631024693995909e-06,1,7.631024693995909e-06,7,5.3417172857971366e-05
193,-65.65384674072266,-100.0,11.57654476165771,1,7.631024693995909e-06,1,7.631024693995909e-06,1,7.631024693995909e-06,1,7.631024693995909e-06,3,2.289307408198773e-05
194,-98.48077392578125,-100.0,17.36481857299805,1,7.631024693995909e-06,1,7.631024693995909e-06,1,7.631024693995909e-06,1,7.631024693995909e-06,3,2.289307408198773e-05
195,-86.1706771850586,-75.0,15.19421577453613,1,7.631024693995909e-06,1,7.631024693995909e-06,1,7.631024693995909e-06,1,7.631024693995909e-06,3,2.289307408198773e-05
196,-73.86058044433594,-50.0,13.02361297607422,1,7.631024693995909e-06,1,7.631024693995909e-06,1,7.631024693995909e-06,1,7.631024693995909e-06,3,2.289307408198773e-05
197,-61.55048370361328,-25.0,10.85301113128662,1,7.631024693995909e-06,1,7.631024693995909e-06,1,7.631024693995909e-06,1,7.631024693995909e-06,3,2.289307408198773e-05
198,-49.24038696289062,0.0,8.68240928649902,1,7.631024693995909e-06,1,7.631024693995909e-06,1,7.631024693995909e-06,1,7.631024693995909e-06,5,3.815512346997955e-05
199,-36.93029022216797,25.0,6.51180648803711,1,7.631024693995909e-06,1,7.631024693995909e-06,1,7.631024693995909e-06,1,7.631024693995909e-06,7,5.3417172857971366e-05
200,-24.62019348144531,50.0,4.34120464324951,1,7.631024693995909e-06,1,7.631024693995909e-06,1,7.631024693995909e-06,3,2.289307408198773e-05,9,6.86792222459632e-05
201,-12.31009674072266,75.0,2.17060232162476,1,7.631024693995909e-06,1,7.631024693995909e-06,1,7.631024693995909e-06,5,3.815512346997955e-05,21,0.0001602515185739141
202,-31.32308769226074,-100.0,11.40067100524902,1,7.631024693995909e-06,1,7.631024693995909e-06,1,7.631024693995909e-06,1,7.631024693995909e-06,7,5.3417172857971366e-05
203,-62.64617538452148,-100.0,22.80134201049805,1,7.631024693995909e-06,1,7.631024693995909e-06,1,7.631024693995909e-06,1,7.631024693995909e-06,3,2.289307408198773e-05
204,-93.9692611694336,-100.0,34.2020149230957,1,7.631024693995909e-06,1,7.631024693995909e-06,1,7.631024693995909e-06,1,7.631024693995909e-06,3,2.289307408198773e-05
205,-82.22310638427734,-75.0,29.92676162719727,1,7.631024693995909e-06,1,7.631024693995909e-06,1,7.631024693995909e-06,1,7.631024693995909e-06,3,2.289307408198773e-05
206,-70.47694396972656,-50.0,25.65151023864746,1,7.631024693995909e-06,1,7.631024693995909e-06,1,7.631024693995909e-06,1,7.631024693995909e-06,3,2.289307408198773e-05
207,-58.73078918457031,-25.0,21.37625885009766,1,7.631024693995909e-06,1,7.631024693995909e-06,1,7.631024693995909e-06,1,7.631024693995909e-06,3,2.289307408198773e-05
208,-46.9846305847168,0.0,17.10100746154785,1,7.631024693995909e-06,1,7.631024693995909e-06,1,7.631024693995909e-06,1,7.631024693995909e-06,5,3.815512346997955e-05
209,-35.23847198486328,25.0,12.82575511932373,1,7.631024693995909e-06,1,7.631024693995909e-06,1,7.631024693995909e-06,1,7.631024693995909e-06,7,5.3417172857971366e-05
210,-23.4923152923584,50.0,8.55050373077393,1,7.631024693995909e-06,1,7.631024693995909e-06,1,7.631024693995909e-06,3,2.289307408198773e-05,9,6.86792222459632e-05
211,-11.7461576461792,75.0,4.27525186538696,1,7.631024693995909e-06,1,7.631024693995909e-06,1,7.631024693995909e-06,5,3.815512346997955e-05,21,0.0001602515185739141
212,-28.86751365661621,-100.0,16.66666603088379,1,7.631024693995909e-06,1,7.631024693995909e-06,1,7.631024693995909e-06,1,7.631024693995909e-06,7,5.3417172857971366e-05
213,-57.73502731323242,-100.0,33.33333206176758,1,7.631024693995909e-06,1,7.631024693995909e-06,1,7.631024693995909e-06,1,7.631024693995909e-06,3,2.289307408198773e-05
214,-86.6025390625,-100.0,50.0,1,7.631024693995909e-06,1,7.631024693995909e-06,1,7.631024693995909e-06,1,7.631024693995909e-06,3,2.289307408198773e-05
215,-75.7772216796875,-75.0,43.75,1,7.631024693995909e-06,1,7.631024693995909e-06,1,7.631024693995909e-06,1,7.631024693995909e-06,3,2.289307408198773e-05
216,-64.951904296875,-50.0,37.5,1,7.631024693995909e-06,1,7.631024693995909e-06,1,7.631024693995909e-06,1,7.631024693995909e-06,3,2.289307408198773e-05
217,-54.1265869140625,-25.0,31.25,1,7.631024693995909e-06,1,7.631024693995909e-06,1,7.631024693995909e-06,1,7.631024693995909e-06,3,2.289307408198773e-05
218,-43.30126953125,0.0,25.0,1,7.631024693995909e-06,1,7.631024693995909e-06,1,7.631024693995909e-06,1,7.631024693995909e-06,5,3.815512346997955e-05
219,-32.4759521484375,25.0,18.75,1,7.631024693995909e-06,1,7.631024693995909e-06,1,7.631024693995909e-06,1,7.631024693995909e-06,7,5.3417172857971366e-05
220,-21.650634765625,50.0,12.5,1,7.631024693995909e-06,1,7.631024693995909e-06,1,7.631024693995909e-06,3,2.289307408198773e-05,9,6.86792222459632e-05
221,-10.8253173828125,75.0,6.25,1,7.631024693995909e-06,1,7.631024693995909e-06,1,7.631024693995909e-06,5,3.815512346997955e-05,21,0.0001602515185739141
222,-25.53481483459473,-100.0,21.42625427246094,1,7.631024693995909e-06,1,7.631024693995909e-06,1,7.631024693995909e-06,1,7.631024693995909e-06,7,5.3417172857971366e-05
223,-51.06962966918945,-100.0,42.85250854492188,1,7.631024693995909e-06,1,7.631024693995909e-06,1,7.631024693995909e-06,1,7.631024693995909e-06,3,2.289307408198773e-05
224,-76.60444641113281,-100.0,64.27876281738281,1,7.631024693995909e-06,1,7.631024693995909e-06,1,7.631024693995909e-06,1,7.631024693995909e-06,3,2.289307408198773e-05
225,-67.02889251708984,-75.0,56.24391555786133,1,7.631024693995909e-06,1,7.631024693995909e-06,1,7.631024693995909e-06,1,7.631024693995909e-06,3,2.289307408198773e-05
226,-57.45333480834961,-50.0,48.20907211303711,1,7.631024693995909e-06,1,7.631024693995909e-06,1,7.631024693995909e-06,1,7.631024693995909e-06,3,2.289307408198773e-05
227,-47.87777709960938,-25.0,40.17422485351562,1,7.631024693995909e-06,1,7.631024693995909e-06,1,7.631024693995909e-06,1,7.631024693995909e-06,3,2.289307408198773e-05
228,-38.30222320556641,0.0,32.13938140869141,1,7.631024693995909e-06,1,7.631024693995909e-06,1,7.631024693995909e-06,1,7.631024693995909e-06,5,3.815512346997955e-05
229,-28.7266674041748,25.0,24.10453605651855,1,7.631024693995909e-06,1,7.631024693995909e-06,1,7.631024693995909e-06,1,7.631024693995909e-06,7,5.3417172857971366e-05
230,-19.1511116027832,50.0,16.0696907043457,1,7.631024693995909e-06,1,7.631024693995909e-06,1,7.631024693995909e-06,3,2.289307408198773e-05,9,6.86792222459632e-05
231,-9.5755558013916,75.0,8.03484535217285,1,7.631024693995909e-06,1,7.631024693995909e-06,1,7.631024693995909e-06,5,3.815512346997955e-05,21,0.0001602515185739141
232,-21.42625427246094,-100.0,25.53481483459473,1,7.631024693995909e-06,1,7.631024693995909e-06,1,7.631024693995909e-06,1,7.631024693995909e-06,7,5.3417172857971366e-05
233,-42.85250854492188,-100.0,51.06962966918945,1,7.631024693995909e-06,1,7.631024693995909e-06,1,7.631024693995909e-06,1,7.631024693995909e-06,3,2.289307408198773e-05
234,-64.27876281738281,-100.0,76.60444641113281,1,7.631024693995909e-06,1,7.631024693995909e-06,1,7.631024693995909e-06,1,7.631024693995909e-06,3,2.289307408198773e-05
235,-56.24391555786133,-75.0,67.02889251708984,1,7.631024693995909e-06,1,7.631024693995909e-06,1,7.631024693995909e-06,1,7.631024693995909e-06,3,2.289307408198773e-05
236,-48.20907211303711,-50.0,57.45333480834961,1,7.631024693995909e-06,1,7.631024693995909e-06,1,7.631024693995909e-06,1,7.631024693995909e-06,3,2.289307408198773e-05
237,-40.17422485351562,-25.0,47.87777709960938,1,7.631024693995909e-06,1,7.631024693995909e-06,1,7.631024693995909e-06,1,7.631024693995909e-06,3,2.289307408198773e-05
238,-32.13938140869141,0.0,38.30222320556641,1,7.631024693995909e-06,1,7.631024693995909e-06,1,7.631024693995909e-06,1,7.631024693995909e-06,5,3.815512346997955e-05
239,-24.10453605651855,25.0,28.7266674041748,1,7.631024693995909e-06,1,7.631024693995909e-06,1,7.631024693995909e-06,1,7.631024693995909e-06,7,5.3417172857971366e-05
240,-16.0696907043457,50.0,19.1511116027832,1,7.631024693995909e-06,1,7.631024693995909e-06,1,7.631024693995909e-06,3,2.289307408198773e-05,9,6.86792222459632e-05
241,-8.03484535217285,75.0,9.5755558013916,1,7.631024693995909e-06,1,7.631024693995909e-06,1,7.631024693995909e-06,5,3.815512346997955e-05,21,0.0001602515185739141
242,-16.66666603088379,-100.0,28.86751365661621,1,7.631024693995909e-06,1,7.631024693995909e-06,1,7.631024693995909e-06,1,7.631024693995909e-06,7,5.3417172857971366e-05
243,-33.33333206176758,-100.0,57.73502731323242,1,7.631024693995909e-06,1,7.631024693995909e-06,1,7.631024693995909e-06,1,7.631024693995909e-06,3,2.289307408198773e-05
244,-50.0,-100.0,86.6025390625,1,7.631024693995909e-06,1,7.631024693995909e-06,1,7.631024693995909e-06,1,7.631024693995909e-06,3,2.289307408198773e-05
245,-43.75,-75.0,75.7772216796875,1,7.631024693995909e-06,1,7.631024693995909e-06,1,7.631024693995909e-06,1,7.631024693995909e-06,3,2.289307408198773e-05
246,-37.5,-50.0,64.951904296875,1,7.631024693995909e-06,1,7.631024693995909e-06,1,7.631024693995909e-06,1,7.631024693995909e-06,3,2.289307408198773e-05
247,-31.25,-25.0,54.1265869140625,1,7.631024693995909e-06,1,7.631024693995909e-06,1,7.631024693995909e-06,1,7.631024693995909e-06,3,2.289307408198773e-05
248,-25.0,0.0,43.30126953125,1,7.631024693995909e-06,1,7.631024693995909e-06,1,7.631024693995909e-06,1,7.631024693995909e-06,5,3.815512346997955e-05
249,-18.75,25.0,32.4759521484375,1,7.631024693995909e-06,1,7.631024693995909e-06,1,7.631024693995909e-06,1,7.631024693995909e-06,7,5.3417172857971366e-05
250,-12.5,50.0,21.650634765625,1,7.631024693995909e-06,1,7.631024693995909e-06,1,7.631024693995909e-06,3,2.289307408198773e-05,9,6.86792222459632e-05
251,-6.25,75.0,10.8253173828125,1,7.631024693995909e-06,1,7.631024693995909e-06,1,7.631024693995909e-06,5,3.815512346997955e-05,21,0.0001602515185739141
252,-11.40067100524902,-100.0,31.32308769226074,1,7.631024693995909e-06,1,7.631024693995909e-06,1,7.631024693995909e-06,1,7.631024693995909e-06,7,5.3417172857971366e-05
253,-22.80134201049805,-100.0,62.64617538452148,1,7.631024693995909e-06,1,7.631024693995909e-06,1,7.631024693995909e-06,1,7.631024693995909e-06,3,2.289307408198773e-05
254,-34.2020149230957,-100.0,93.9692611694336,1,7.631024693995909e-06,1,7.631024693995909e-06,1,7.631024693995909e-06,1,7.631024693995909e-06,3,2.289307408198773e-05
255,-29.92676162719727,-75.0,82.22310638427734,1,7.631024693995909e-06,1,7.631024693995909e-06,1,7.631024693995909e-06,1,7.631024693995909e-06,3,2.289307408198773e-05
256,-25.65151023864746,-50.0,70.47694396972656,1,7.631024693995909e-06,1,7.631024693995909e-06,1,7.631024693995909e-06,1,7.631024693995909e-06,3,2.289307408198773e-05
257,-21.37625885009766,-25.0,58.73078918457031,1,7.631024693995909e-06,1,7.631024693995909e-06,1,7.631024693995909e-06,1,7.631024693995909e-06,3,2.289307408198773e-05
258,-17.10100746154785,0.0,46.9846305847168,1,7.631024693995909e-06,1,7.631024693995909e-06,1,7.631024693995909e-06,1,7.631024693995909e-06,5,3.815512346997955e-05
259,-12.82575511932373,25.0,35.23847198486328,1,7.631024693995909e-06,1,7.631024693995909e-06,1,7.631024693995909e-06,1,7.631024693995909e-06,7,5.3417172857971366e-05
260,-8.55050373077393,50.0,23.4923152923584,1,7.631024693995909e-06,1,7.631024693995909e-06,1,7.631024693995909e-06,3,2.289307408198773e-05,9,6.86792222459632e-05
261,-4.27525186538696,75.0,11.7461576461792,1,7.631024693995909e-06,1,7.631024693995909e-06,1,7.631024693995909e-06,5,3.815512346997955e-05,21,0.0001602515185739141
262,-5.78827238082886,-100.0,32.82692337036133,1,7.631024693995909e-06,1,7.631024693995909e-06,1,7.631024693995909e-06,1,7.631024693995909e-06,7,5.3417172857971366e-05
263,-11.57654476165771,-100.0,65.65384674072266,1,7.631024693995909e-06,1,7.631024693995909e-06,1,7.631024693995909e-06,1,7.631024693995909e-06,3,2.289307408198773e-05
264,-17.36481857299805,-100.0,98.48077392578125,1,7.631024693995909e-06,1,7.631024693995909e-06,1,7.631024693995909e-06,1,7.631024693995909e-06,3,2.289307408198773e-05
265,-15.19421577453613,-75.0,86.1706771850586,1,7.631024693995909e-06,1,7.631024693995909e-06,1,7.631024693995909e-06,1,7.631024693995909e-06,3,2.289307408198773e-05
266,-13.02361297607422,-50.0,73.86058044433594,1,7.631024693995909e-06,1,7.631024693995909e-06,1,7.631024693995909e-06,1,7.631024693995909e-06,3,2.289307408198773e-05
267,-10.85301113128662,-25.0,61.55048370361328,1,7.631024693995909e-06,1,7.631024693995909e-06,1,7.631024693995909e-06,1,7.631024693995909e-06,3,2.289307408198773e-05
268,-8.68240928649902,0.0,49.24038696289062,1,7.631024693995909e-06,1,7.631024693995909e-06,1,7.631024693995909e-06,1,7.631024693995909e-06,5,3.815512346997955e-05
269,-6.51180648803711,25.0,36.93029022216797,1,7.631024693995909e-06,1,7.631024693995909e-06,1,7.631024693995909e-06,1,7.631024693995909e-06,7,5.3417172857971366e-05
270,-4.34120464324951,50.0,24.62019348144531,1,7.631024693995909e-06,1,7.631024693995909e-06,1,7.631024693995909e-06,3,2.289307408198773e-05,9,6.86792222459632e-05
271,-2.17060232162476,75.0,12.31009674072266,1,7.631024693995909e-06,1,7.631024693995909e-06,1,7.631024693995909e-06,5,3.815512346997955e-05,21,0.0001602515185739141
272,-1e-14,-100.0,33.33333206176758,1,7.631024693995909e-06,1,7.631024693995909e-06,1,7.631024693995909e-06,1,7.631024693995909e-06,7,5.3417172857971366e-05
273,-1e-14,-100.0,66.66666412353516,1,7.631024693995909e-06,1,7.631024693995909e-06,1,7.631024693995909e-06,1,7.631024693995909e-06,3,2.289307408198773e-05
274,-2e-14,-100.0,100.0,1,7.631024693995909e-06,1,7.631024693995909e-06,1,7.631024693995909e-06,1,7.631024693995909e-06,3,2.289307408198773e-05
275,-2e-14,-75.0,87.5,1,7.631024693995909e-06,1,7.631024693995909e-06,1,7.631024693995909e-06,1,7.631024693995909e-06,3,2.289307408198773e-05
276,-1e-14,-50.0,75.0,1,7.631024693995909e-06,1,7.631024693995909e-06,1,7.631024693995909e-06,1,7.631024693995909e-06,3,2.289307408198773e-05
277,-1e-14,-25.0,62.5,1,7.631024693995909e-06,1,7.631024693995909e-06,1,7.631024693995909e-06,1,7.631024693995909e-06,3,2.289307408198773e-05
278,-1e-14,0.0,50.0,1,7.631024693995909e-06,1,7.631024693995909e-06,1,7.631024693995909e-06,1,7.631024693995909e-06,5,3.815512346997955e-05
279,-1e-14,25.0,37.5,1,7.631024693995909e-06,1,7.631024693995909e-06,1,7.631024693995909e-06,1,7.631024693995909e-06,7,5.3417172857971366e-05
280,-0.0,50.0,25.0,1,7.631024693995909e-06,1,7.631024693995909e-06,1,7.631024693995909e-06,3,2.289307408198773e-05,9,6.86792222459632e-05
281,-0.0,75.0,12.5,1,7.631024693995909e-06,1,7.631024693995909e-06,1,7.631024693995909e-06,5,3.815512346997955e-05,21,0.0001602515185739141
282,5.78827238082886,-100.0,32.82692337036133,1,7.631024693995909e-06,1,7.631024693995909e-06,1,7.631024693995909e-06,1,7.631024693995909e-06,7,5.3417172857971366e-05
283,11.57654476165771,-100.0,65.65384674072266,1,7.631024693995909e-06,1,7.631024693995909e-06,1,7.631024693995909e-06,1,7.631024693995909e-06,3,2.289307408198773e-05
284,17.36481857299805,-100.0,98.48077392578125,1,7.631024693995909e-06,1,7.631024693995909e-06,1,7.631024693995909e-06,1,7.631024693995909e-06,3,2.289307408198773e-05
285,15.19421577453613,-75.0,86.1706771850586,1,7.631024693995909e-06,1,7.631024693995909e-06,1,7.631024693995909e-06,1,7.631024693995909e-06,3,2.289307408198773e-05
286,13.02361297607422,-50.0,73.86058044433594,1,7.631024693995909e-06,1,7.631024693995909e-06,1,7.631024693995909e-06,1,7.631024693995909e-06,3,2.289307408198773e-05
287,10.85301113128662,-25.0,61.55048370361328,1,7.631024693995909e-06,1,7.631024693995909e-06,1,7.631024693995909e-06,1,7.631024693995909e-06,3,2.289307408198773e-05
288,8.68240928649902,0.0,49.24038696289062,1,7.631024693995909e-06,1,7.631024693995909e-06,1,7.631024693995909e-06,1,7.631024693995909e-06,5,3.815512346997955e-05
289,6.51180648803711,25.0,36.93029022216797,1,7.631024693995909e-06,1,7.631024693995909e-06,1,7.631024693995909e-06,1,7.631024693995909e-06,7,5.3417172857971366e-05
290,4.34120464324951,50.0,24.62019348144531,1,7.631024693995909e-06,1,7.631024693995909e-06,1,7.631024693995909e-06,3,2.289307408198773e-05,9,6.86792222459632e-05
291,2.17060232162476,75.0,12.31009674072266,1,7.631024693995909e-06,1,7.631024693995909e-06,1,7.631024693995909e-06,5,3.815512346997955e-05,21,0.0001602515185739141
292,11.40067100524902,-100.0,31.32308769226074,1,7.631024693995909e-06,1,7.631024693995909e-06,1,7.631024693995909e-06,1,7.631024693995909e-06,7,5.3417172857971366e-05
293,22.80134201049805,-100.0,62.64617538452148,1,7.631024693995909e-06,1,7.631024693995909e-06,1,7.631024693995909e-06,1,7.631024693995909e-06,3,2.289307408198773e-05
294,34.2020149230957,-100.0,93.9692611694336,1,7.631024693995909e-06,1,7.631024693995909e-06,1,7.631024693995909e-06,1,7.631024693995909e-06,3,2.289307408198773e-05
295,29.92676162719727,-75.0,82.22310638427734,1,7.631024693995909e-06,1,7.631024693995909e-06,1,7.631024693995909e-06,1,7.631024693995909e-06,3,2.289307408198773e-05
296,25.65151023864746,-50.0,70.47694396972656,1,7.631024693995909e-06,1,7.631024693995909e-06,1,7.631024693995909e-06,1,7.631024693995909e-06,3,2.289307408198773e-05
297,21.37625885009766,-25.0,58.73078918457031,1,7.631024693995909e-06,1,7.631024693995909e-06,1,7.631024693995909e-06,1,7.631024693995909e-06,3,2.289307408198773e-05
298,17.10100746154785,0.0,46.9846305847168,1,7.631024693995909e-06,1,7.631024693995909e-06,1,7.631024693995909e-06,1,7.631024693995909e-06,5,3.815512346997955e-05
299,12.82575511932373,25.0,35.23847198486328,1,7.631024693995909e-06,1,7.631024693995909e-06,1,7.631024693995909e-06,1,7.631024693995909e-06,7,5.3417172857971366e-05
300,8.55050373077393,50.0,23.4923152923584,1,7.631024693995909e-06,1,7.631024693995909e-06,1,7.631024693995909e-06,3,2.289307408198773e-05,9,6.86792222459632e-05
301,4.27525186538696,75.0,11.7461576461792,1,7.631024693995909e-06,1,7.631024693995909e-06,1,7.631024693995909e-06,5,3.815512346997955e-05,21,0.0001602515185739141
302,16.66666603088379,-100.0,28.86751365661621,1,7.631024693995909e-06,1,7.631024693995909e-06,1,7.631024693995909e-06,1,7.631024693995909e-06,7,5.3417172857971366e-05
303,33.33333206176758,-100.0,57.73502731323242,1,7.631024693995909e-06,1,7.631024693995909e-06,1,7.631024693995909e-06,1,7.631024693995909e-06,3,2.289307408198773e-05
304,50.0,-100.0,86.6025390625,1,7.631024693995909e-06,1,7.631024693995909e-06,1,7.631024693995909e-06,1,7.631024693995909e-06,3,2.289307408198773e-05
305,43.75,-75.0,75.7772216796875,1,7.631024693995909e-06,1,7.631024693995909e-06,1,7.631024693995909e-06,1,7.631024693995909e-06,3,2.289307408198773e-05
306,37.5,-50.0,64.951904296875,1,7.631024693995909e-06,1,7.631024693995909e-06,1,7.631024693995909e-06,1,7.631024693995909e-06,3,2.289307408198773e-05
307,31.25,-25.0,54.1265869140625,1,7.631024693995909e-06,1,7.631024693995909e-06,1,7.631024693995909e-06,1,7.631024693995909e-06,3,2.289307408198773e-05
308,25.0,0.0,43.30126953125,1,7.631024693995909e-06,1,7.631024693995909e-06,1,7.631024693995909e-06,1,7.631024693995909e-06,5,3.815512346997955e-05
309,18.75,25.0,32.4759521484375,1,7.631024693995909e-06,1,7.631024693995909e-06,1,7.631024693995909e-06,1,7.631024693995909e-06,7,5.3417172857971366e-05
310,12.5,50.0,21.650634765625,1,7.631024693995909e-06,1,7.631024693995909e-06,1,7.631024693995909e-06,3,2.289307408198773e-05,9,6.86792222459632e-05
311,6.25,75.0,10.8253173828125,1,7.631024693995909e-06,1,7.631024693995909e-06,1,7.631024693995909e-06,5,3.815512346997955e-05,21,0.0001602515185739141
312,21.42625427246094,-100.0,25.53481483459473,1,7.631024693995909e-06,1,7.631024693995909e-06,1,7.631024693995909e-06,1,7.631024693995909e-06,7,5.3417172857971366e-05
313,42.85250854492188,-100.0,51.06962966918945,1,7.631024693995909e-06,1,7.631024693995909e-06,1,7.631024693995909e-06,1,7.631024693995909e-06,3,2.289307408198773e-05
314,64.27876281738281,-100.0,76.60444641113281,1,7.631024693995909e-06,1,7.631024693995909e-06,1,7.631024693995909e-06,1,7.631024693995909e-06,3,2.289307408198773e-05
315,56.24391555786133,-75.0,67.02889251708984,1,7.631024693995909e-06,1,7.631024693995909e-06,1,7.631024693995909e-06,1,7.631024693995909e-06,3,2.289307408198773e-05
316,48.20907211303711,-50.0,57.45333480834961,1,7.631024693995909e-06,1,7.631024693995909e-06,1,7.631024693995909e-06,1,7.631024693995909e-06,3,2.289307408198773e-05
317,40.17422485351562,-25.0,47.87777709960938,1,7.631024693995909e-06,1,7.631024693995909e-06,1,7.631024693995909e-06,1,7.631024693995909e-06,3,2.289307408198773e-05
318,32.13938140869141,0.0,38.30222320556641,1,7.631024693995909e-06,1,7.631024693995909e-06,1,7.631024693995909e-06,1,7.631024693995909e-06,5,3.815512346997955e-05
319,24.10453605651855,25.0,28.7266674041748,1,7.631024693995909e-06,1,7.631024693995909e-06,1,7.631024693995909e-06,1,7.631024693995909e-06,7,5.3417172857971366e-05
320,16.0696907043457,50.0,19.1511116027832,1,7.631024693995909e-06,1,7.631024693995909e-06,1,7.631024693995909e-06,3,2.289307408198773e-05,9,6.86792222459632e-05
321,8.03484535217285,75.0,9.5755558013916,1,7.631024693995909e-06,1,7.631024693995909e-06,1,7.631024693995909e-06,5,3.815512346997955e-05,21,0.0001602515185739141
322,25.53481483459473,-100.0,21.42625427246094,1,7.631024693995909e-06,1,7.631024693995909e-06,1,7.631024693995909e-06,1,7.631024693995909e-06,7,5.3417172857971366e-05
323,51.06962966918945,-100.0,42.85250854492188,1,7.631024693995909e-06,1,7.631024693995909e-06,1,7.631024693995909e-06,1,7.631024693995909e-06,3,2.289307408198773e-05
324,76.60444641113281,-100.0,64.27876281738281,1,7.631024693995909e-06,1,7.631024693995909e-06,1,7.631024693995909e-06,1,7.631024693995909e-06,3,2.289307408198773e-05
325,67.02889251708984,-75.0,56.24391555786133,1,7.631024693995909e-06,1,7.631024693995909e-06,1,7.631024693995909e-06,1,7.631024693995909e-06,3,2.289307408198773e-05
326,57.45333480834961,-50.0,48.20907211303711,1,7.631024693995909e-06,1,7.631024693995909e-06,1,7.631024693995909e-06,1,7.631024693995909e-06,3,2.289307408198773e-05
327,47.87777709960938,-25.0,40.17422485351562,1,7.631024693995909e-06,1,7.631024693995909e-06,1,7.631024693995909e-06,1,7.631024693995909e-06,3,2.289307408198773e-05
328,38.30222320556641,0.0,32.13938140869141,1,7.631024693995909e-06,1,7.631024693995909e-06,1,7.631024693995909e-06,1,7.631024693995909e-06,5,3.815512346997955e-05
329,28.7266674041748,25.0,24.10453605651855,1,7.631024693995909e-06,1,7.631024693995909e-06,1,7.631024693995909e-06,1,7.631024693995909e-06,7,5.3417172857971366e-05
330,19.1511116027832,50.0,16.0696907043457,1,7.631024693995909e-06,1,7.631024693995909e-06,1,7.631024693995909e-06,3,2.289307408198773e-05,9,6.86792222459632e-05
331,9.5755558013916,75.0,8.03484535217285,1,7.631024693995909e-06,1,7.631024693995909e-06,1,7.631024693995909e-06,5,3.815512346997955e-05,21,0.0001602515185739141
332,28.86751365661621,-100.0,16.66666603088379,1,7.631024693995909e-06,1,7.631024693995909e-06,1,7.631024693995909e-06,1,7.631024693995909e-06,7,5.3417172857971366e-05
333,57.73502731323242,-100.0,33.33333206176758,1,7.631024693995909e-06,1,7.631024693995909e-06,1,7.631024693995909e-06,1,7.631024693995909e-06,3,2.289307408198773e-05
334,86.6025390625,-100.0,50.0,1,7.631024693995909e-06,1,7.631024693995909e-06,1,7.631024693995909e-06,1,7.631024693995909e-06,3,2.289307408198773e-05
335,75.7772216796875,-75.0,43.75,1,7.631024693995909e-06,1,7.631024693995909e-06,1,7.631024693995909e-06,1,7.631024693995909e-06,3,2.289307408198773e-05
336,64.951904296875,-50.0,37.5,1,7.631024693995909e-06,1,7.631024693995909e-06,1,7.631024693995909e-06,1,7.631024693995909e-06,3,2.289307408198773e-05
337,54.1265869140625,-25.0,31.25,1,7.631024693995909e-06,1,7.631024693995909e-06,1,7.631024693995909e-06,1,7.631024693995909e-06,3,2.289307408198773e-05
338,43.30126953125,0.0,25.0,1,7.631024693995909e-06,1,7.631024693995909e-06,1,7.631024693995909e-06,1,7.631024693995909e-06,5,3.815512346997955e-05
339,32.4759521484375,25.0,18.75,1,7.631024693995909e-06,1,7.631024693995909e-06,1,7.631024693995909e-06,1,7.631024693995909e-06,7,5.3417172857971366e-05
340,21.650634765625,50.0,12.5,1,7.631024693995909e-06,1,7.631024693995909e-06,1,7.631024693995909e-06,3,2.289307408198773e-05,9,6.86792222459632e-05
341,10.8253173828125,75.0,6.25,1,7.631024693995909e-06,1,7.631024693995909e-06,1,7.631024693995909e-06,5,3.815512346997955e-05,21,0.0001602515185739141
342,31.32308769226074,-100.0,11.40067100524902,1,7.631024693995909e-06,1,7.631024693995909e-06,1,7.631024693995909e-06,1,7.631024693995909e-06,7,5.3417172857971366e-05
343,62.64617538452148,-100.0,22.80134201049805,1,7.631024693995909e-06,1,7.631024693995909e-06,1,7.631024693995909e-06,1,7.631024693995909e-06,3,2.289307408198773e-05
344,93.9692611694336,-100.0,34.2020149230957,1,7.631024693995909e-06,1,7.631024693995909e-06,1,7.631024693995909e-06,1,7.631024693995909e-06,3,2.289307408198773e-05
345,82.22310638427734,-75.0,29.92676162719727,1,7.631024693995909e-06,1,7.631024693995909e-06,1,7.631024693995909e-06,1,7.631024693995909e-06,3,2.289307408198773e-05
346,70.47694396972656,-50.0,25.65151023864746,1,7.631024693995909e-06,1,7.631024693995909e-06,1,7.631024693995909e-06,1,7.631024693995909e-06,3,2.289307408198773e-05
347,58.73078918457031,-25.0,21.37625885009766,1,7.631024693995909e-06,1,7.631024693995909e-06,1,7.631024693995909e-06,1,7.631024693995909e-06,3,2.289307408198773e-05
348,46.9846305847168,0.0,17.10100746154785,1,7.631024693995909e-06,1,7.631024693995909e-06,1,7.631024693995909e-06,1,7.631024693995909e-06,5,3.815512346997955e-05
349,35.23847198486328,25.0,12.82575511932373,1,7.631024693995909e-06,1,7.631024693995909e-06,1,7.631024693995909e-06,1,7.631024693995909e-06,7,5.3417172857971366e-05
350,23.4923152923584,50.0,8.55050373077393,1,7.631024693995909e-06,1,7.631024693995909e-06,1,7.631024693995909e-06,3,2.289307408198773e-05,9,6.86792222459632e-05
351,11.7461576461792,75.0,4.27525186538696,1,7.631024693995909e-06,1,7.631024693995909e-06,1,7.631024693995909e-06,5,3.815512346997955e-05,21,0.0001602515185739141
352,32.82692337036133,-100.0,5.78827238082886,1,7.631024693995909e-06,1,7.631024693995909e-06,1,7.631024693995909e-06,1,7.631024693995909e-06,7,5.3417172857971366e-05
353,65.65384674072266,-100.0,11.57654476165771,1,7.631024693995909e-06,1,7.631024693995909e-06,1,7.631024693995909e-06,1,7.631024693995909e-06,3,2.289307408198773e-05
354,98.48077392578125,-100.0,17.36481857299805,1,7.631024693995909e-06,1,7.631024693995909e-06,1,7.631024693995909e-06,1,7.631024693995909e-06,3,2.289307408198773e-05
355,86.1706771850586,-75.0,15.19421577453613,1,7.631024693995909e-06,1,7.631024693995909e-06,1,7.631024693995909e-06,1,7.631024693995909e-06,3,2.289307408198773e-05
356,73.86058044433594,-50.0,13.02361297607422,1,7.631024693995909e-06,1,7.631024693995909e-06,1,7.631024693995909e-06,1,7.631024693995909e-06,3,2.289307408198773e-05
357,61.55048370361328,-25.0,10.85301113128662,1,7.631024693995909e-06,1,7.631024693995909e-06,1,7.631024693995909e-06,1,7.631024693995909e-06,3,2.289307408198773e-05
358,49.24038696289062,0.0,8.68240928649902,1,7.631024693995909e-06,1,7.631024693995909e-06,1,7.631024693995909e-06,1,7.631024693995909e-06,5,3.815512346997955e-05
359,36.93029022216797,25.0,6.51180648803711,1,7.631024693995909e-06,1,7.631024693995909e-06,1,7.631024693995909e-06,1,7.631024693995909e-06,7,5.3417172857971366e-05
360,24.62019348144531,50.0,4.34120464324951,1,7.631024693995909e-06,1,7.631024693995909e-06,1,7.631024693995909e-06,3,2.289307408198773e-05,9,6.86792222459632e-05
361,12.31009674072266,75.0,2.17060232162476,1,7.631024693995909e-06,1,7.631024693995909e-06,1,7.631024693995909e-06,5,3.815512346997955e-05,21,0.0001602515185739141
